{"cameraMode":{"drawMode":0,"name":"Shaded","section":"Shading Mode"},"sceneLighting":true,"audioPlay":false,"sceneViewState":{"showFog":false,"showMaterialUpdate":false,"showSkybox":false,"showFlares":false,"showImageEffects":false,"showParticleSystems":false},"in2DMode":false,"pivot":{"x":0.2046714574098587,"y":1.0019495487213135,"z":-0.20652246475219727},"rotation":{"x":0.010143506340682507,"y":0.9894070029258728,"z":-0.11629456281661987,"w":0.0862933099269867},"size":1.500000238418579,"orthographic":false}